srcStateName,srcYear,Country,StateCode,StateName,TotalPopulation,TotalPopulationUrban,TotalPopulationRural,TotalPopulationMale,TotalPopulationMaleUrban,TotalPopulationMaleRural,TotalPopulationFemale,TotalPopulationFemaleUrban,TotalPopulationFemaleRural,NumberOfHouseholds,NumberOfHouseholdsUrban,NumberOfHouseholdsRural,LandAreaUrban,YearCode,Year,LandAreaRural,LandArea,LandAreaMappingError%,LandAreaUrbanMappingError%,LandAreaRuralMappingError%,TotalPopulationMappingError%,TotalPopulationUrbanMappingError%,TotalPopulationRuralMappingError%,TotalPopulationMaleMappingError%,TotalPopulationMaleUrbanMappingError%,TotalPopulationMaleRuralMappingError%,TotalPopulationFeMaleMappingError%,TotalPopulationFeMaleUrbanMappingError%,TotalPopulationFeMaleRuralMappingError%,NumberOfHouseholdsMappingError%,NumberOfHouseholdsUrbanMappingError%,NumberOfHouseholdsRuralMappingError%,NumberOfChildren,NumberOfParents,WeighingRatio_TotalPopulation,WeighingRatio_Percentage_TotalPopulation,WeighingRatio_TotalPopulationUrban,WeighingRatio_Percentage_TotalPopulationUrban,WeighingRatio_TotalPopulationRural,WeighingRatio_Percentage_TotalPopulationRural,WeighingRatio_TotalPopulationMale,WeighingRatio_Percentage_TotalPopulationMale,WeighingRatio_TotalPopulationMaleUrban,WeighingRatio_Percentage_TotalPopulationMaleUrban,WeighingRatio_TotalPopulationMaleRural,WeighingRatio_Percentage_TotalPopulationMaleRural,WeighingRatio_TotalPopulationFemale,WeighingRatio_Percentage_TotalPopulationFemale,WeighingRatio_TotalPopulationFemaleUrban,WeighingRatio_Percentage_TotalPopulationFemaleUrban,WeighingRatio_TotalPopulationFemaleRural,WeighingRatio_Percentage_TotalPopulationFemaleRural,WeighingRatio_NumberOfHouseholds,WeighingRatio_Percentage_NumberOfHouseholds,WeighingRatio_NumberOfHouseholdsUrban,WeighingRatio_Percentage_NumberOfHouseholdsUrban,WeighingRatio_NumberOfHouseholdsRural,WeighingRatio_Percentage_NumberOfHouseholdsRural,WeighingRatio_LandAreaUrban,WeighingRatio_Percentage_LandAreaUrban,WeighingRatio_LandAreaRural,WeighingRatio_Percentage_LandAreaRural,WeighingRatio_LandArea,WeighingRatio_Percentage_LandArea
Jammu & Kashmir,2016,India,1,JAMMU AND KASHMIR,12267013,3371233,8895780,6483906,1825543,4658363,5783107,1545690,4237417,2079471,557090,1522381,121337,2016,"Calendar Year (Jan - Dec), 2016",2.2141e+06,2335435.25,0,0,0,0.000000000000000000000000,0.000000000000000000000000,0.000000000000000000000000,0.000000000000000000000000,0.000000000000000000000000,0.000000000000000000000000,0.000000000000000000000000,0.000000000000000000000000,0.000000000000000000000000,0.000000000000000000000000,0.000000000000000000000000,0.000000000000000000000000,2,1,0.97812914480490143687,1,0.98193864574649849909,1,0.97669317066422487335,1,0.97639452211240385371,1,0.97822188046737059831,1,0.97568026822623713550,1,0.98008131321348192738,1,0.98636488653571631408,1,0.97780912468966211101,1,0.98101304041386637279,1,0.98376259304060676161,1,0.98001072463376276930,1,0.978903123789854,1,0.975481728055946,1,0.975658896767294,1
Jammu & Kashmir,2017,India,1,JAMMU AND KASHMIR,12267013,3371233,8895780,6483906,1825543,4658363,5783107,1545690,4237417,2079471,557090,1522381,121337,2017,"Calendar Year (Jan - Dec), 2017",2.2141e+06,2335435.25,0,0,0,0.000000000000000000000000,0.000000000000000000000000,0.000000000000000000000000,0.000000000000000000000000,0.000000000000000000000000,0.000000000000000000000000,0.000000000000000000000000,0.000000000000000000000000,0.000000000000000000000000,0.000000000000000000000000,0.000000000000000000000000,0.000000000000000000000000,2,1,0.97812914480490143687,1,0.98193864574649849909,1,0.97669317066422487335,1,0.97639452211240385371,1,0.97822188046737059831,1,0.97568026822623713550,1,0.98008131321348192738,1,0.98636488653571631408,1,0.97780912468966211101,1,0.98101304041386637279,1,0.98376259304060676161,1,0.98001072463376276930,1,0.978903123789854,1,0.975481728055946,1,0.975658896767294,1
Jammu & Kashmir,2018,India,1,JAMMU AND KASHMIR,12267013,3371233,8895780,6483906,1825543,4658363,5783107,1545690,4237417,2079471,557090,1522381,121337,2018,"Calendar Year (Jan - Dec), 2018",2.2141e+06,2335435.25,0,0,0,0.000000000000000000000000,0.000000000000000000000000,0.000000000000000000000000,0.000000000000000000000000,0.000000000000000000000000,0.000000000000000000000000,0.000000000000000000000000,0.000000000000000000000000,0.000000000000000000000000,0.000000000000000000000000,0.000000000000000000000000,0.000000000000000000000000,2,1,0.97812914480490143687,1,0.98193864574649849909,1,0.97669317066422487335,1,0.97639452211240385371,1,0.97822188046737059831,1,0.97568026822623713550,1,0.98008131321348192738,1,0.98636488653571631408,1,0.97780912468966211101,1,0.98101304041386637279,1,0.98376259304060676161,1,0.98001072463376276930,1,0.978903123789854,1,0.975481728055946,1,0.975658896767294,1
Himachal Pradesh,2016,India,2,HIMACHAL PRADESH,6864602,688552,6176050,3481873,371528,3110345,3382729,317024,3065705,1483280,170770,1312510,27130,2016,"Calendar Year (Jan - Dec), 2016",4.55071e+06,4577843,0,0,0,0,0,0,0,0,0,0,0,0,0,0,0,1,1,1,1,1,1,1,1,1,1,1,1,1,1,1,1,1,1,1,1,1,1,1,1,1,1,1,1,1,1,1,1
Himachal Pradesh,2017,India,2,HIMACHAL PRADESH,6864602,688552,6176050,3481873,371528,3110345,3382729,317024,3065705,1483280,170770,1312510,27130,2017,"Calendar Year (Jan - Dec), 2017",4.55071e+06,4577843,0,0,0,0,0,0,0,0,0,0,0,0,0,0,0,1,1,1,1,1,1,1,1,1,1,1,1,1,1,1,1,1,1,1,1,1,1,1,1,1,1,1,1,1,1,1,1
Himachal Pradesh,2018,India,2,HIMACHAL PRADESH,6864602,688552,6176050,3481873,371528,3110345,3382729,317024,3065705,1483280,170770,1312510,27130,2018,"Calendar Year (Jan - Dec), 2018",4.55071e+06,4577843,0,0,0,0,0,0,0,0,0,0,0,0,0,0,0,1,1,1,1,1,1,1,1,1,1,1,1,1,1,1,1,1,1,1,1,1,1,1,1,1,1,1,1,1,1,1,1
Punjab,2016,India,3,PUNJAB,27743338,10399146,17344192,14639465,5545989,9093476,13103873,4853157,8250716,5513071,2154958,3358113,251460,2016,"Calendar Year (Jan - Dec), 2016",4.78989e+06,5041350.5,0,0,0,0,0,0,0,0,0,0,0,0,0,0,0,1,1,1,1,1,1,1,1,1,1,1,1,1,1,1,1,1,1,1,1,1,1,1,1,1,1,1,1,1,1,1,1
Punjab,2017,India,3,PUNJAB,27743338,10399146,17344192,14639465,5545989,9093476,13103873,4853157,8250716,5513071,2154958,3358113,251460,2017,"Calendar Year (Jan - Dec), 2017",4.78989e+06,5041350.5,0,0,0,0,0,0,0,0,0,0,0,0,0,0,0,1,1,1,1,1,1,1,1,1,1,1,1,1,1,1,1,1,1,1,1,1,1,1,1,1,1,1,1,1,1,1,1
Punjab,2018,India,3,PUNJAB,27743338,10399146,17344192,14639465,5545989,9093476,13103873,4853157,8250716,5513071,2154958,3358113,251460,2018,"Calendar Year (Jan - Dec), 2018",4.78989e+06,5041350.5,0,0,0,0,0,0,0,0,0,0,0,0,0,0,0,1,1,1,1,1,1,1,1,1,1,1,1,1,1,1,1,1,1,1,1,1,1,1,1,1,1,1,1,1,1,1,1
Chandigarh,2016,India,4,CHANDIGARH,1055450,1026459,28991,580663,563513,17150,474787,462946,11841,241173,234033,7140,10953,2016,"Calendar Year (Jan - Dec), 2016",447,11400,0,0,0,0,0,0,0,0,0,0,0,0,0,0,0,1,1,1,1,1,1,1,1,1,1,1,1,1,1,1,1,1,1,1,1,1,1,1,1,1,1,1,1,1,1,1,1
Chandigarh,2017,India,4,CHANDIGARH,1055450,1026459,28991,580663,563513,17150,474787,462946,11841,241173,234033,7140,10953,2017,"Calendar Year (Jan - Dec), 2017",447,11400,0,0,0,0,0,0,0,0,0,0,0,0,0,0,0,1,1,1,1,1,1,1,1,1,1,1,1,1,1,1,1,1,1,1,1,1,1,1,1,1,1,1,1,1,1,1,1
Chandigarh,2018,India,4,CHANDIGARH,1055450,1026459,28991,580663,563513,17150,474787,462946,11841,241173,234033,7140,10953,2018,"Calendar Year (Jan - Dec), 2018",447,11400,0,0,0,0,0,0,0,0,0,0,0,0,0,0,0,1,1,1,1,1,1,1,1,1,1,1,1,1,1,1,1,1,1,1,1,1,1,1,1,1,1,1,1,1,1,1,1
Uttarakhand,2016,India,5,UTTARAKHAND,10086292,3049338,7036954,5137773,1618731,3519042,4948519,1430607,3517912,2056975,631889,1425086,90193,2016,"Calendar Year (Jan - Dec), 2016",3.36367e+06,3453862.25,0,0,0,0,0,0,0,0,0,0,0,0,0,0,0,1,1,1,1,1,1,1,1,1,1,1,1,1,1,1,1,1,1,1,1,1,1,1,1,1,1,1,1,1,1,1,1
Uttarakhand,2017,India,5,UTTARAKHAND,10086292,3049338,7036954,5137773,1618731,3519042,4948519,1430607,3517912,2056975,631889,1425086,90193,2017,"Calendar Year (Jan - Dec), 2017",3.36367e+06,3453862.25,0,0,0,0,0,0,0,0,0,0,0,0,0,0,0,1,1,1,1,1,1,1,1,1,1,1,1,1,1,1,1,1,1,1,1,1,1,1,1,1,1,1,1,1,1,1,1
Uttarakhand,2018,India,5,UTTARAKHAND,10086292,3049338,7036954,5137773,1618731,3519042,4948519,1430607,3517912,2056975,631889,1425086,90193,2018,"Calendar Year (Jan - Dec), 2018",3.36367e+06,3453862.25,0,0,0,0,0,0,0,0,0,0,0,0,0,0,0,1,1,1,1,1,1,1,1,1,1,1,1,1,1,1,1,1,1,1,1,1,1,1,1,1,1,1,1,1,1,1,1
Haryana,2016,India,6,HARYANA,25351462,8842103,16509359,13494734,4720728,8774006,11856728,4121375,7735353,4857524,1813768,3043756,197608,2016,"Calendar Year (Jan - Dec), 2016",4.19564e+06,4393243,0,0,0,0,0,0,0,0,0,0,0,0,0,0,0,1,1,1,1,1,1,1,1,1,1,1,1,1,1,1,1,1,1,1,1,1,1,1,1,1,1,1,1,1,1,1,1
Haryana,2017,India,6,HARYANA,25351462,8842103,16509359,13494734,4720728,8774006,11856728,4121375,7735353,4857524,1813768,3043756,197608,2017,"Calendar Year (Jan - Dec), 2017",4.19564e+06,4393243,0,0,0,0,0,0,0,0,0,0,0,0,0,0,0,1,1,1,1,1,1,1,1,1,1,1,1,1,1,1,1,1,1,1,1,1,1,1,1,1,1,1,1,1,1,1,1
Haryana,2018,India,6,HARYANA,25351462,8842103,16509359,13494734,4720728,8774006,11856728,4121375,7735353,4857524,1813768,3043756,197608,2018,"Calendar Year (Jan - Dec), 2018",4.19564e+06,4393243,0,0,0,0,0,0,0,0,0,0,0,0,0,0,0,1,1,1,1,1,1,1,1,1,1,1,1,1,1,1,1,1,1,1,1,1,1,1,1,1,1,1,1,1,1,1,1
Delhi,2016,India,7,DELHI,16787941,16368899,419042,8987326,8761005,226321,7800615,7607894,192721,3435999,3356425,79574,115407,2016,"Calendar Year (Jan - Dec), 2016",35620.1,151027.1015625,0,0,0,0,0,0,0,0,0,0,0,0,0,0,0,1,1,1,1,1,1,1,1,1,1,1,1,1,1,1,1,1,1,1,1,1,1,1,1,1,1,1,1,1,1,1,1
Delhi,2017,India,7,DELHI,16787941,16368899,419042,8987326,8761005,226321,7800615,7607894,192721,3435999,3356425,79574,115407,2017,"Calendar Year (Jan - Dec), 2017",35620.1,151027.1015625,0,0,0,0,0,0,0,0,0,0,0,0,0,0,0,1,1,1,1,1,1,1,1,1,1,1,1,1,1,1,1,1,1,1,1,1,1,1,1,1,1,1,1,1,1,1,1
Delhi,2018,India,7,DELHI,16787941,16368899,419042,8987326,8761005,226321,7800615,7607894,192721,3435999,3356425,79574,115407,2018,"Calendar Year (Jan - Dec), 2018",35620.1,151027.1015625,0,0,0,0,0,0,0,0,0,0,0,0,0,0,0,1,1,1,1,1,1,1,1,1,1,1,1,1,1,1,1,1,1,1,1,1,1,1,1,1,1,1,1,1,1,1,1
Rajasthan,2016,India,8,RAJASTHAN,68548437,17048085,51500352,35550997,8909250,26641747,32997440,8138835,24858605,12711146,3216243,9494903,665817,2016,"Calendar Year (Jan - Dec), 2016",3.31262e+07,33792067,0,0,0,0,0,0,0,0,0,0,0,0,0,0,0,1,1,1,1,1,1,1,1,1,1,1,1,1,1,1,1,1,1,1,1,1,1,1,1,1,1,1,1,1,1,1,1
Rajasthan,2017,India,8,RAJASTHAN,68548437,17048085,51500352,35550997,8909250,26641747,32997440,8138835,24858605,12711146,3216243,9494903,665817,2017,"Calendar Year (Jan - Dec), 2017",3.31262e+07,33792067,0,0,0,0,0,0,0,0,0,0,0,0,0,0,0,1,1,1,1,1,1,1,1,1,1,1,1,1,1,1,1,1,1,1,1,1,1,1,1,1,1,1,1,1,1,1,1
Rajasthan,2018,India,8,RAJASTHAN,68548437,17048085,51500352,35550997,8909250,26641747,32997440,8138835,24858605,12711146,3216243,9494903,665817,2018,"Calendar Year (Jan - Dec), 2018",3.31262e+07,33792067,0,0,0,0,0,0,0,0,0,0,0,0,0,0,0,1,1,1,1,1,1,1,1,1,1,1,1,1,1,1,1,1,1,1,1,1,1,1,1,1,1,1,1,1,1,1,1
Uttar Pradesh,2016,India,9,UTTAR PRADESH,199812341,44495063,155317278,104480510,23487515,80992995,95331831,21007548,74324283,33448035,7762093,25685942,780110.507,2016,"Calendar Year (Jan - Dec), 2016",2.31814e+07,23961510.507,0,0,0,0,0,0,0,0,0,0,0,0,0,0,0,1,1,1,1,1,1,1,1,1,1,1,1,1,1,1,1,1,1,1,1,1,1,1,1,1,1,1,1,1,1,1,1
Uttar Pradesh,2017,India,9,UTTAR PRADESH,199812341,44495063,155317278,104480510,23487515,80992995,95331831,21007548,74324283,33448035,7762093,25685942,780110.507,2017,"Calendar Year (Jan - Dec), 2017",2.31814e+07,23961510.507,0,0,0,0,0,0,0,0,0,0,0,0,0,0,0,1,1,1,1,1,1,1,1,1,1,1,1,1,1,1,1,1,1,1,1,1,1,1,1,1,1,1,1,1,1,1,1
Uttar Pradesh,2018,India,9,UTTAR PRADESH,199812341,44495063,155317278,104480510,23487515,80992995,95331831,21007548,74324283,33448035,7762093,25685942,780110.507,2018,"Calendar Year (Jan - Dec), 2018",2.31814e+07,23961510.507,0,0,0,0,0,0,0,0,0,0,0,0,0,0,0,1,1,1,1,1,1,1,1,1,1,1,1,1,1,1,1,1,1,1,1,1,1,1,1,1,1,1,1,1,1,1,1
Bihar,2016,India,10,BIHAR,104099452,11758016,92341436,54278157,6204307,48073850,49821295,5553709,44267586,18913565,2050625,16862940,232472,2016,"Calendar Year (Jan - Dec), 2016",9.06661e+06,9299085,0,0,0,0,0,0,0,0,0,0,0,0,0,0,0,1,1,1,1,1,1,1,1,1,1,1,1,1,1,1,1,1,1,1,1,1,1,1,1,1,1,1,1,1,1,1,1
Bihar,2017,India,10,BIHAR,104099452,11758016,92341436,54278157,6204307,48073850,49821295,5553709,44267586,18913565,2050625,16862940,232472,2017,"Calendar Year (Jan - Dec), 2017",9.06661e+06,9299085,0,0,0,0,0,0,0,0,0,0,0,0,0,0,0,1,1,1,1,1,1,1,1,1,1,1,1,1,1,1,1,1,1,1,1,1,1,1,1,1,1,1,1,1,1,1,1
Bihar,2018,India,10,BIHAR,104099452,11758016,92341436,54278157,6204307,48073850,49821295,5553709,44267586,18913565,2050625,16862940,232472,2018,"Calendar Year (Jan - Dec), 2018",9.06661e+06,9299085,0,0,0,0,0,0,0,0,0,0,0,0,0,0,0,1,1,1,1,1,1,1,1,1,1,1,1,1,1,1,1,1,1,1,1,1,1,1,1,1,1,1,1,1,1,1,1
Sikkim,2016,India,11,SIKKIM,610577,153578,456999,323070,80273,242797,287507,73305,214202,129006,35718,93288,3824.1,2016,"Calendar Year (Jan - Dec), 2016",649873,653697.35,0,0,0,0,0,0,0,0,0,0,0,0,0,0,0,1,1,1,1,1,1,1,1,1,1,1,1,1,1,1,1,1,1,1,1,1,1,1,1,1,1,1,1,1,1,1,1
Sikkim,2017,India,11,SIKKIM,610577,153578,456999,323070,80273,242797,287507,73305,214202,129006,35718,93288,3824.1,2017,"Calendar Year (Jan - Dec), 2017",649873,653697.35,0,0,0,0,0,0,0,0,0,0,0,0,0,0,0,1,1,1,1,1,1,1,1,1,1,1,1,1,1,1,1,1,1,1,1,1,1,1,1,1,1,1,1,1,1,1,1
Sikkim,2018,India,11,SIKKIM,610577,153578,456999,323070,80273,242797,287507,73305,214202,129006,35718,93288,3824.1,2018,"Calendar Year (Jan - Dec), 2018",649873,653697.35,0,0,0,0,0,0,0,0,0,0,0,0,0,0,0,1,1,1,1,1,1,1,1,1,1,1,1,1,1,1,1,1,1,1,1,1,1,1,1,1,1,1,1,1,1,1,1
Arunachal Pradesh,2016,India,12,ARUNACHAL PRADESH,1383727,317369,1066358,713912,167901,546011,669815,149468,520347,270577,70367,200210,,2016,"Calendar Year (Jan - Dec), 2016",1.33104e+06,1331039.125,0,0,0,0,0,0,0,0,0,0,0,0,0,0,0,1,1,1,1,1,1,1,1,1,1,1,1,1,1,1,1,1,1,1,1,1,1,1,1,1,1,1,1,1,1,1,1
Arunachal Pradesh,2017,India,12,ARUNACHAL PRADESH,1383727,317369,1066358,713912,167901,546011,669815,149468,520347,270577,70367,200210,,2017,"Calendar Year (Jan - Dec), 2017",1.33104e+06,1331039.125,0,0,0,0,0,0,0,0,0,0,0,0,0,0,0,1,1,1,1,1,1,1,1,1,1,1,1,1,1,1,1,1,1,1,1,1,1,1,1,1,1,1,1,1,1,1,1
Arunachal Pradesh,2018,India,12,ARUNACHAL PRADESH,1383727,317369,1066358,713912,167901,546011,669815,149468,520347,270577,70367,200210,,2018,"Calendar Year (Jan - Dec), 2018",1.33104e+06,1331039.125,0,0,0,0,0,0,0,0,0,0,0,0,0,0,0,1,1,1,1,1,1,1,1,1,1,1,1,1,1,1,1,1,1,1,1,1,1,1,1,1,1,1,1,1,1,1,1
Nagaland,2016,India,13,NAGALAND,1978502,570966,1407536,1024649,299177,725472,953853,271789,682064,396002,118511,277491,,2016,"Calendar Year (Jan - Dec), 2016",101253,101253.09375,0,0,0,0,0,0,0,0,0,0,0,0,0,0,0,1,1,1,1,1,1,1,1,1,1,1,1,1,1,1,1,1,1,1,1,1,1,1,1,1,1,1,1,1,1,1,1
Nagaland,2017,India,13,NAGALAND,1978502,570966,1407536,1024649,299177,725472,953853,271789,682064,396002,118511,277491,,2017,"Calendar Year (Jan - Dec), 2017",101253,101253.09375,0,0,0,0,0,0,0,0,0,0,0,0,0,0,0,1,1,1,1,1,1,1,1,1,1,1,1,1,1,1,1,1,1,1,1,1,1,1,1,1,1,1,1,1,1,1,1
Nagaland,2018,India,13,NAGALAND,1978502,570966,1407536,1024649,299177,725472,953853,271789,682064,396002,118511,277491,,2018,"Calendar Year (Jan - Dec), 2018",101253,101253.09375,0,0,0,0,0,0,0,0,0,0,0,0,0,0,0,1,1,1,1,1,1,1,1,1,1,1,1,1,1,1,1,1,1,1,1,1,1,1,1,1,1,1,1,1,1,1,1
Manipur,2016,India,14,MANIPUR,2855794,834154,2021640,1438586,411702,1026884,1417208,422452,994756,557859,172339,385520,18024,2016,"Calendar Year (Jan - Dec), 2016",175742,193766.21875,0,0,0,0,0,0,0,0,0,0,0,0,0,0,0,1,1,1,1,1,1,1,1,1,1,1,1,1,1,1,1,1,1,1,1,1,1,1,1,1,1,1,1,1,1,1,1
Manipur,2017,India,14,MANIPUR,2855794,834154,2021640,1438586,411702,1026884,1417208,422452,994756,557859,172339,385520,18024,2017,"Calendar Year (Jan - Dec), 2017",175742,193766.21875,0,0,0,0,0,0,0,0,0,0,0,0,0,0,0,1,1,1,1,1,1,1,1,1,1,1,1,1,1,1,1,1,1,1,1,1,1,1,1,1,1,1,1,1,1,1,1
Manipur,2018,India,14,MANIPUR,2855794,834154,2021640,1438586,411702,1026884,1417208,422452,994756,557859,172339,385520,18024,2018,"Calendar Year (Jan - Dec), 2018",175742,193766.21875,0,0,0,0,0,0,0,0,0,0,0,0,0,0,0,1,1,1,1,1,1,1,1,1,1,1,1,1,1,1,1,1,1,1,1,1,1,1,1,1,1,1,1,1,1,1,1
Mizoram,2016,India,15,MIZORAM,1097206,571771,525435,555339,286204,269135,541867,285567,256300,222853,117041,105812,86600,2016,"Calendar Year (Jan - Dec), 2016",,86600,0,0,0,0,0,0,0,0,0,0,0,0,0,0,0,1,1,1,1,1,1,1,1,1,1,1,1,1,1,1,1,1,1,1,1,1,1,1,1,1,1,1,1,1,1,1,1
Mizoram,2017,India,15,MIZORAM,1097206,571771,525435,555339,286204,269135,541867,285567,256300,222853,117041,105812,86600,2017,"Calendar Year (Jan - Dec), 2017",,86600,0,0,0,0,0,0,0,0,0,0,0,0,0,0,0,1,1,1,1,1,1,1,1,1,1,1,1,1,1,1,1,1,1,1,1,1,1,1,1,1,1,1,1,1,1,1,1
Mizoram,2018,India,15,MIZORAM,1097206,571771,525435,555339,286204,269135,541867,285567,256300,222853,117041,105812,86600,2018,"Calendar Year (Jan - Dec), 2018",,86600,0,0,0,0,0,0,0,0,0,0,0,0,0,0,0,1,1,1,1,1,1,1,1,1,1,1,1,1,1,1,1,1,1,1,1,1,1,1,1,1,1,1,1,1,1,1,1
Tripura,2016,India,16,TRIPURA,3673917,961453,2712464,1874376,487203,1387173,1799541,474250,1325291,855556,238974,616582,39184,2016,"Calendar Year (Jan - Dec), 2016",1.00031e+06,1039494.6875,0,0,0,0,0,0,0,0,0,0,0,0,0,0,0,1,1,1,1,1,1,1,1,1,1,1,1,1,1,1,1,1,1,1,1,1,1,1,1,1,1,1,1,1,1,1,1
Tripura,2017,India,16,TRIPURA,3673917,961453,2712464,1874376,487203,1387173,1799541,474250,1325291,855556,238974,616582,39184,2017,"Calendar Year (Jan - Dec), 2017",1.00031e+06,1039494.6875,0,0,0,0,0,0,0,0,0,0,0,0,0,0,0,1,1,1,1,1,1,1,1,1,1,1,1,1,1,1,1,1,1,1,1,1,1,1,1,1,1,1,1,1,1,1,1
Tripura,2018,India,16,TRIPURA,3673917,961453,2712464,1874376,487203,1387173,1799541,474250,1325291,855556,238974,616582,39184,2018,"Calendar Year (Jan - Dec), 2018",1.00031e+06,1039494.6875,0,0,0,0,0,0,0,0,0,0,0,0,0,0,0,1,1,1,1,1,1,1,1,1,1,1,1,1,1,1,1,1,1,1,1,1,1,1,1,1,1,1,1,1,1,1,1
Meghalaya,2016,India,17,MEGHALAYA,2966889,595450,2371439,1491832,297572,1194260,1475057,297878,1177179,548059,117486,430573,28289,2016,"Calendar Year (Jan - Dec), 2016",,28289,0,0,0,0,0,0,0,0,0,0,0,0,0,0,0,1,1,1,1,1,1,1,1,1,1,1,1,1,1,1,1,1,1,1,1,1,1,1,1,1,1,1,1,1,1,1,1
Meghalaya,2017,India,17,MEGHALAYA,2966889,595450,2371439,1491832,297572,1194260,1475057,297878,1177179,548059,117486,430573,28289,2017,"Calendar Year (Jan - Dec), 2017",,28289,0,0,0,0,0,0,0,0,0,0,0,0,0,0,0,1,1,1,1,1,1,1,1,1,1,1,1,1,1,1,1,1,1,1,1,1,1,1,1,1,1,1,1,1,1,1,1
Meghalaya,2018,India,17,MEGHALAYA,2966889,595450,2371439,1491832,297572,1194260,1475057,297878,1177179,548059,117486,430573,28289,2018,"Calendar Year (Jan - Dec), 2018",,28289,0,0,0,0,0,0,0,0,0,0,0,0,0,0,0,1,1,1,1,1,1,1,1,1,1,1,1,1,1,1,1,1,1,1,1,1,1,1,1,1,1,1,1,1,1,1,1
Assam,2016,India,18,ASSAM,31205576,4398542,26807034,15939443,2260454,13678989,15266133,2138088,13128045,6406471,985594,5420877,125988,2016,"Calendar Year (Jan - Dec), 2016",5.0829e+06,5208890.5,0,0,0,0,0,0,0,0,0,0,0,0,0,0,0,1,1,1,1,1,1,1,1,1,1,1,1,1,1,1,1,1,1,1,1,1,1,1,1,1,1,1,1,1,1,1,1
Assam,2017,India,18,ASSAM,31205576,4398542,26807034,15939443,2260454,13678989,15266133,2138088,13128045,6406471,985594,5420877,125988,2017,"Calendar Year (Jan - Dec), 2017",5.0829e+06,5208890.5,0,0,0,0,0,0,0,0,0,0,0,0,0,0,0,1,1,1,1,1,1,1,1,1,1,1,1,1,1,1,1,1,1,1,1,1,1,1,1,1,1,1,1,1,1,1,1
Assam,2018,India,18,ASSAM,31205576,4398542,26807034,15939443,2260454,13678989,15266133,2138088,13128045,6406471,985594,5420877,125988,2018,"Calendar Year (Jan - Dec), 2018",5.0829e+06,5208890.5,0,0,0,0,0,0,0,0,0,0,0,0,0,0,0,1,1,1,1,1,1,1,1,1,1,1,1,1,1,1,1,1,1,1,1,1,1,1,1,1,1,1,1,1,1,1,1
West Bengal,2016,India,19,WEST BENGAL,91276115,29093002,62183113,46809027,14964082,31844945,44467088,14128920,30338168,20380315,6567150,13813165,511322.9535491,2016,"Calendar Year (Jan - Dec), 2016",7.82147e+06,8332791.4535491,0,0,0,0,0,0,0,0,0,0,0,0,0,0,0,1,1,1,1,1,1,1,1,1,1,1,1,1,1,1,1,1,1,1,1,1,1,1,1,1,1,1,1,1,1,1,1
West Bengal,2017,India,19,WEST BENGAL,91276115,29093002,62183113,46809027,14964082,31844945,44467088,14128920,30338168,20380315,6567150,13813165,511322.9535491,2017,"Calendar Year (Jan - Dec), 2017",7.82147e+06,8332791.4535491,0,0,0,0,0,0,0,0,0,0,0,0,0,0,0,1,1,1,1,1,1,1,1,1,1,1,1,1,1,1,1,1,1,1,1,1,1,1,1,1,1,1,1,1,1,1,1
West Bengal,2018,India,19,WEST BENGAL,91276115,29093002,62183113,46809027,14964082,31844945,44467088,14128920,30338168,20380315,6567150,13813165,511322.9535491,2018,"Calendar Year (Jan - Dec), 2018",7.82147e+06,8332791.4535491,0,0,0,0,0,0,0,0,0,0,0,0,0,0,0,1,1,1,1,1,1,1,1,1,1,1,1,1,1,1,1,1,1,1,1,1,1,1,1,1,1,1,1,1,1,1,1
Jharkhand,2016,India,20,JHARKHAND,32988134,7933061,25055073,16930315,4153829,12776486,16057819,3779232,12278587,6254781,1525412,4729369,225145.15,2016,"Calendar Year (Jan - Dec), 2016",7.46095e+06,7686097.65,0,0,0,0,0,0,0,0,0,0,0,0,0,0,0,1,1,1,1,1,1,1,1,1,1,1,1,1,1,1,1,1,1,1,1,1,1,1,1,1,1,1,1,1,1,1,1
Jharkhand,2017,India,20,JHARKHAND,32988134,7933061,25055073,16930315,4153829,12776486,16057819,3779232,12278587,6254781,1525412,4729369,225145.15,2017,"Calendar Year (Jan - Dec), 2017",7.46095e+06,7686097.65,0,0,0,0,0,0,0,0,0,0,0,0,0,0,0,1,1,1,1,1,1,1,1,1,1,1,1,1,1,1,1,1,1,1,1,1,1,1,1,1,1,1,1,1,1,1,1
Jharkhand,2018,India,20,JHARKHAND,32988134,7933061,25055073,16930315,4153829,12776486,16057819,3779232,12278587,6254781,1525412,4729369,225145.15,2018,"Calendar Year (Jan - Dec), 2018",7.46095e+06,7686097.65,0,0,0,0,0,0,0,0,0,0,0,0,0,0,0,1,1,1,1,1,1,1,1,1,1,1,1,1,1,1,1,1,1,1,1,1,1,1,1,1,1,1,1,1,1,1,1
Odisha,2016,India,21,ODISHA,41980846,7010284,34970562,21215646,3629443,17586203,20765200,3380841,17384359,9639296,1549309,8089987,2297094.4,2016,"Calendar Year (Jan - Dec), 2016",1.15738e+07,13870882.4,0,0,0,0,0,0,0,0,0,0,0,0,0,0,0,1,1,1,1,1,1,1,1,1,1,1,1,1,1,1,1,1,1,1,1,1,1,1,1,1,1,1,1,1,1,1,1
Odisha,2017,India,21,ODISHA,41980846,7010284,34970562,21215646,3629443,17586203,20765200,3380841,17384359,9639296,1549309,8089987,2297094.4,2017,"Calendar Year (Jan - Dec), 2017",1.15738e+07,13870882.4,0,0,0,0,0,0,0,0,0,0,0,0,0,0,0,1,1,1,1,1,1,1,1,1,1,1,1,1,1,1,1,1,1,1,1,1,1,1,1,1,1,1,1,1,1,1,1
Odisha,2018,India,21,ODISHA,41980846,7010284,34970562,21215646,3629443,17586203,20765200,3380841,17384359,9639296,1549309,8089987,2297094.4,2018,"Calendar Year (Jan - Dec), 2018",1.15738e+07,13870882.4,0,0,0,0,0,0,0,0,0,0,0,0,0,0,0,1,1,1,1,1,1,1,1,1,1,1,1,1,1,1,1,1,1,1,1,1,1,1,1,1,1,1,1,1,1,1,1
Chhattisgarh,2016,India,22,CHHATTISGARH,25545198,5937237,19607961,12832895,3035469,9797426,12712303,2901768,9810535,5650724,1285156,4365568,324772,2016,"Calendar Year (Jan - Dec), 2016",9.34252e+06,9667292,0,0,0,0,0,0,0,0,0,0,0,0,0,0,0,1,1,1,1,1,1,1,1,1,1,1,1,1,1,1,1,1,1,1,1,1,1,1,1,1,1,1,1,1,1,1,1
Chhattisgarh,2017,India,22,CHHATTISGARH,25545198,5937237,19607961,12832895,3035469,9797426,12712303,2901768,9810535,5650724,1285156,4365568,324772,2017,"Calendar Year (Jan - Dec), 2017",9.34252e+06,9667292,0,0,0,0,0,0,0,0,0,0,0,0,0,0,0,1,1,1,1,1,1,1,1,1,1,1,1,1,1,1,1,1,1,1,1,1,1,1,1,1,1,1,1,1,1,1,1
Chhattisgarh,2018,India,22,CHHATTISGARH,25545198,5937237,19607961,12832895,3035469,9797426,12712303,2901768,9810535,5650724,1285156,4365568,324772,2018,"Calendar Year (Jan - Dec), 2018",9.34252e+06,9667292,0,0,0,0,0,0,0,0,0,0,0,0,0,0,0,1,1,1,1,1,1,1,1,1,1,1,1,1,1,1,1,1,1,1,1,1,1,1,1,1,1,1,1,1,1,1,1
Madhya Pradesh,2016,India,23,MADHYA PRADESH,72641665,20084261,52557404,37620144,10470756,27149388,35021521,9613505,25408016,15095856,4015578,11080278,774641,2016,"Calendar Year (Jan - Dec), 2016",2.54876e+07,26262239,0,0,0,0,0,0,0,0,0,0,0,0,0,0,0,1,1,1,1,1,1,1,1,1,1,1,1,1,1,1,1,1,1,1,1,1,1,1,1,1,1,1,1,1,1,1,1
Madhya Pradesh,2017,India,23,MADHYA PRADESH,72641665,20084261,52557404,37620144,10470756,27149388,35021521,9613505,25408016,15095856,4015578,11080278,774641,2017,"Calendar Year (Jan - Dec), 2017",2.54876e+07,26262239,0,0,0,0,0,0,0,0,0,0,0,0,0,0,0,1,1,1,1,1,1,1,1,1,1,1,1,1,1,1,1,1,1,1,1,1,1,1,1,1,1,1,1,1,1,1,1
Madhya Pradesh,2018,India,23,MADHYA PRADESH,72641665,20084261,52557404,37620144,10470756,27149388,35021521,9613505,25408016,15095856,4015578,11080278,774641,2018,"Calendar Year (Jan - Dec), 2018",2.54876e+07,26262239,0,0,0,0,0,0,0,0,0,0,0,0,0,0,0,1,1,1,1,1,1,1,1,1,1,1,1,1,1,1,1,1,1,1,1,1,1,1,1,1,1,1,1,1,1,1,1
Gujarat,2016,India,24,GUJARAT,60443083,25748474,34694609,31492973,13693814,17799159,28950110,12054660,16895450,12249135,5475577,6773558,733163,2016,"Calendar Year (Jan - Dec), 2016",1.49574e+07,15690521,0,0,0,0,0,0,0,0,0,0,0,0,0,0,0,1,1,1,1,1,1,1,1,1,1,1,1,1,1,1,1,1,1,1,1,1,1,1,1,1,1,1,1,1,1,1,1
Gujarat,2017,India,24,GUJARAT,60443083,25748474,34694609,31492973,13693814,17799159,28950110,12054660,16895450,12249135,5475577,6773558,733163,2017,"Calendar Year (Jan - Dec), 2017",1.49574e+07,15690521,0,0,0,0,0,0,0,0,0,0,0,0,0,0,0,1,1,1,1,1,1,1,1,1,1,1,1,1,1,1,1,1,1,1,1,1,1,1,1,1,1,1,1,1,1,1,1
Gujarat,2018,India,24,GUJARAT,60443083,25748474,34694609,31492973,13693814,17799159,28950110,12054660,16895450,12249135,5475577,6773558,733163,2018,"Calendar Year (Jan - Dec), 2018",1.49574e+07,15690521,0,0,0,0,0,0,0,0,0,0,0,0,0,0,0,1,1,1,1,1,1,1,1,1,1,1,1,1,1,1,1,1,1,1,1,1,1,1,1,1,1,1,1,1,1,1,1
Maharashtra,2016,India,27,MAHARASHTRA,112374333,50818259,61556074,58243056,26704022,31539034,54131277,24114237,30017040,24421519,11206781,13214738,912066,2016,"Calendar Year (Jan - Dec), 2016",2.88942e+07,29806232,0,0,0,0,0,0,0,0,0,0,0,0,0,0,0,1,1,1,1,1,1,1,1,1,1,1,1,1,1,1,1,1,1,1,1,1,1,1,1,1,1,1,1,1,1,1,1
Maharashtra,2017,India,27,MAHARASHTRA,112374333,50818259,61556074,58243056,26704022,31539034,54131277,24114237,30017040,24421519,11206781,13214738,912066,2017,"Calendar Year (Jan - Dec), 2017",2.88942e+07,29806232,0,0,0,0,0,0,0,0,0,0,0,0,0,0,0,1,1,1,1,1,1,1,1,1,1,1,1,1,1,1,1,1,1,1,1,1,1,1,1,1,1,1,1,1,1,1,1
Maharashtra,2018,India,27,MAHARASHTRA,112374333,50818259,61556074,58243056,26704022,31539034,54131277,24114237,30017040,24421519,11206781,13214738,912066,2018,"Calendar Year (Jan - Dec), 2018",2.88942e+07,29806232,0,0,0,0,0,0,0,0,0,0,0,0,0,0,0,1,1,1,1,1,1,1,1,1,1,1,1,1,1,1,1,1,1,1,1,1,1,1,1,1,1,1,1,1,1,1,1
Andhra Pradesh,2016,India,28,ANDHRA PRADESH,49577103,14610410,34966693,24830513,7292265,17538248,24746590,7318145,17428445,12718976,3653618,9065358,411934,2016,"Calendar Year (Jan - Dec), 2016",1.30242e+07,13436132,0,0,0,0,0,0,0,0,0,0,0,0,0,0,0,1,1,1,1,1,1,1,1,1,1,1,1,1,1,1,1,1,1,1,1,1,1,1,1,1,1,1,1,1,1,1,1
Andhra Pradesh,2017,India,28,ANDHRA PRADESH,49577103,14610410,34966693,24830513,7292265,17538248,24746590,7318145,17428445,12718976,3653618,9065358,411934,2017,"Calendar Year (Jan - Dec), 2017",1.30242e+07,13436132,0,0,0,0,0,0,0,0,0,0,0,0,0,0,0,1,1,1,1,1,1,1,1,1,1,1,1,1,1,1,1,1,1,1,1,1,1,1,1,1,1,1,1,1,1,1,1
Andhra Pradesh,2018,India,28,ANDHRA PRADESH,49577103,14610410,34966693,24830513,7292265,17538248,24746590,7318145,17428445,12718976,3653618,9065358,411934,2018,"Calendar Year (Jan - Dec), 2018",1.30242e+07,13436132,0,0,0,0,0,0,0,0,0,0,0,0,0,0,0,1,1,1,1,1,1,1,1,1,1,1,1,1,1,1,1,1,1,1,1,1,1,1,1,1,1,1,1,1,1,1,1
Karnataka,2016,India,29,KARNATAKA,61095297,23625962,37469335,30966657,12037303,18929354,30128640,11588659,18539981,13357027,5410370,7946657,599199.34,2016,"Calendar Year (Jan - Dec), 2016",1.85419e+07,19141059.34,0,0,0,0,0,0,0,0,0,0,0,0,0,0,0,1,1,1,1,1,1,1,1,1,1,1,1,1,1,1,1,1,1,1,1,1,1,1,1,1,1,1,1,1,1,1,1
Karnataka,2017,India,29,KARNATAKA,61095297,23625962,37469335,30966657,12037303,18929354,30128640,11588659,18539981,13357027,5410370,7946657,599199.34,2017,"Calendar Year (Jan - Dec), 2017",1.85419e+07,19141059.34,0,0,0,0,0,0,0,0,0,0,0,0,0,0,0,1,1,1,1,1,1,1,1,1,1,1,1,1,1,1,1,1,1,1,1,1,1,1,1,1,1,1,1,1,1,1,1
Karnataka,2018,India,29,KARNATAKA,61095297,23625962,37469335,30966657,12037303,18929354,30128640,11588659,18539981,13357027,5410370,7946657,599199.34,2018,"Calendar Year (Jan - Dec), 2018",1.85419e+07,19141059.34,0,0,0,0,0,0,0,0,0,0,0,0,0,0,0,1,1,1,1,1,1,1,1,1,1,1,1,1,1,1,1,1,1,1,1,1,1,1,1,1,1,1,1,1,1,1,1
Goa,2016,India,30,GOA,1458545,906814,551731,739140,463704,275436,719405,443110,276295,343611,215403,128208,77854,2016,"Calendar Year (Jan - Dec), 2016",292350,370204.15625,0,0,0,0,0,0,0,0,0,0,0,0,0,0,0,1,1,1,1,1,1,1,1,1,1,1,1,1,1,1,1,1,1,1,1,1,1,1,1,1,1,1,1,1,1,1,1
Goa,2017,India,30,GOA,1458545,906814,551731,739140,463704,275436,719405,443110,276295,343611,215403,128208,77854,2017,"Calendar Year (Jan - Dec), 2017",292350,370204.15625,0,0,0,0,0,0,0,0,0,0,0,0,0,0,0,1,1,1,1,1,1,1,1,1,1,1,1,1,1,1,1,1,1,1,1,1,1,1,1,1,1,1,1,1,1,1,1
Goa,2018,India,30,GOA,1458545,906814,551731,739140,463704,275436,719405,443110,276295,343611,215403,128208,77854,2018,"Calendar Year (Jan - Dec), 2018",292350,370204.15625,0,0,0,0,0,0,0,0,0,0,0,0,0,0,0,1,1,1,1,1,1,1,1,1,1,1,1,1,1,1,1,1,1,1,1,1,1,1,1,1,1,1,1,1,1,1,1
Lakshadweep,2016,India,31,LAKSHADWEEP,64473,50332,14141,33123,25880,7243,31350,24452,6898,11574,8864,2710,2137,2016,"Calendar Year (Jan - Dec), 2016",771.28,2908.28009033203,0,0,0,0,0,0,0,0,0,0,0,0,0,0,0,1,1,1,1,1,1,1,1,1,1,1,1,1,1,1,1,1,1,1,1,1,1,1,1,1,1,1,1,1,1,1,1
Lakshadweep,2017,India,31,LAKSHADWEEP,64473,50332,14141,33123,25880,7243,31350,24452,6898,11574,8864,2710,2137,2017,"Calendar Year (Jan - Dec), 2017",771.28,2908.28009033203,0,0,0,0,0,0,0,0,0,0,0,0,0,0,0,1,1,1,1,1,1,1,1,1,1,1,1,1,1,1,1,1,1,1,1,1,1,1,1,1,1,1,1,1,1,1,1
Lakshadweep,2018,India,31,LAKSHADWEEP,64473,50332,14141,33123,25880,7243,31350,24452,6898,11574,8864,2710,2137,2018,"Calendar Year (Jan - Dec), 2018",771.28,2908.28009033203,0,0,0,0,0,0,0,0,0,0,0,0,0,0,0,1,1,1,1,1,1,1,1,1,1,1,1,1,1,1,1,1,1,1,1,1,1,1,1,1,1,1,1,1,1,1,1
Kerala,2016,India,32,KERALA,33406061,15934926,17471135,16027412,7619358,8408054,17378649,8315568,9063081,7853754,3704113,4149641,759880,2016,"Calendar Year (Jan - Dec), 2016",3.12624e+06,3886116,0,0,0,0,0,0,0,0,0,0,0,0,0,0,0,1,1,1,1,1,1,1,1,1,1,1,1,1,1,1,1,1,1,1,1,1,1,1,1,1,1,1,1,1,1,1,1
Kerala,2017,India,32,KERALA,33406061,15934926,17471135,16027412,7619358,8408054,17378649,8315568,9063081,7853754,3704113,4149641,759880,2017,"Calendar Year (Jan - Dec), 2017",3.12624e+06,3886116,0,0,0,0,0,0,0,0,0,0,0,0,0,0,0,1,1,1,1,1,1,1,1,1,1,1,1,1,1,1,1,1,1,1,1,1,1,1,1,1,1,1,1,1,1,1,1
Kerala,2018,India,32,KERALA,33406061,15934926,17471135,16027412,7619358,8408054,17378649,8315568,9063081,7853754,3704113,4149641,759880,2018,"Calendar Year (Jan - Dec), 2018",3.12624e+06,3886116,0,0,0,0,0,0,0,0,0,0,0,0,0,0,0,1,1,1,1,1,1,1,1,1,1,1,1,1,1,1,1,1,1,1,1,1,1,1,1,1,1,1,1,1,1,1,1
Tamil Nadu,2016,India,33,TAMIL NADU,72147030,34917440,37229590,36137975,17458910,18679065,36009055,17458530,18550525,18524982,8996487,9528495,1363555.5,2016,"Calendar Year (Jan - Dec), 2016",1.15072e+07,12870773.5,0,0,0,0,0,0,0,0,0,0,0,0,0,0,0,1,1,1,1,1,1,1,1,1,1,1,1,1,1,1,1,1,1,1,1,1,1,1,1,1,1,1,1,1,1,1,1
Tamil Nadu,2017,India,33,TAMIL NADU,72147030,34917440,37229590,36137975,17458910,18679065,36009055,17458530,18550525,18524982,8996487,9528495,1363555.5,2017,"Calendar Year (Jan - Dec), 2017",1.15072e+07,12870773.5,0,0,0,0,0,0,0,0,0,0,0,0,0,0,0,1,1,1,1,1,1,1,1,1,1,1,1,1,1,1,1,1,1,1,1,1,1,1,1,1,1,1,1,1,1,1,1
Tamil Nadu,2018,India,33,TAMIL NADU,72147030,34917440,37229590,36137975,17458910,18679065,36009055,17458530,18550525,18524982,8996487,9528495,1363555.5,2018,"Calendar Year (Jan - Dec), 2018",1.15072e+07,12870773.5,0,0,0,0,0,0,0,0,0,0,0,0,0,0,0,1,1,1,1,1,1,1,1,1,1,1,1,1,1,1,1,1,1,1,1,1,1,1,1,1,1,1,1,1,1,1,1
Puducherry,2016,India,34,PUDUCHERRY,1247953,852753,395200,612511,417604,194907,635442,435149,200293,302450,207432,95018,15456,2016,"Calendar Year (Jan - Dec), 2016",33823.8,49279.7890625,0,0,0,0,0,0,0,0,0,0,0,0,0,0,0,1,1,1,1,1,1,1,1,1,1,1,1,1,1,1,1,1,1,1,1,1,1,1,1,1,1,1,1,1,1,1,1
Puducherry,2017,India,34,PUDUCHERRY,1247953,852753,395200,612511,417604,194907,635442,435149,200293,302450,207432,95018,15456,2017,"Calendar Year (Jan - Dec), 2017",33823.8,49279.7890625,0,0,0,0,0,0,0,0,0,0,0,0,0,0,0,1,1,1,1,1,1,1,1,1,1,1,1,1,1,1,1,1,1,1,1,1,1,1,1,1,1,1,1,1,1,1,1
Puducherry,2018,India,34,PUDUCHERRY,1247953,852753,395200,612511,417604,194907,635442,435149,200293,302450,207432,95018,15456,2018,"Calendar Year (Jan - Dec), 2018",33823.8,49279.7890625,0,0,0,0,0,0,0,0,0,0,0,0,0,0,0,1,1,1,1,1,1,1,1,1,1,1,1,1,1,1,1,1,1,1,1,1,1,1,1,1,1,1,1,1,1,1,1
A&N Islands,2016,India,35,ANDAMAN AND NICOBAR ISLANDS,380581,143488,237093,202871,76584,126287,177710,66904,110806,94551,36021,58530,3799.37,2016,"Calendar Year (Jan - Dec), 2016",81533.2,85332.5575,0,0,0,0,0,0,0,0,0,0,0,0,0,0,0,1,1,1,1,1,1,1,1,1,1,1,1,1,1,1,1,1,1,1,1,1,1,1,1,1,1,1,1,1,1,1,1
A&N Islands,2017,India,35,ANDAMAN AND NICOBAR ISLANDS,380581,143488,237093,202871,76584,126287,177710,66904,110806,94551,36021,58530,3799.37,2017,"Calendar Year (Jan - Dec), 2017",81533.2,85332.5575,0,0,0,0,0,0,0,0,0,0,0,0,0,0,0,1,1,1,1,1,1,1,1,1,1,1,1,1,1,1,1,1,1,1,1,1,1,1,1,1,1,1,1,1,1,1,1
A&N Islands,2018,India,35,ANDAMAN AND NICOBAR ISLANDS,380581,143488,237093,202871,76584,126287,177710,66904,110806,94551,36021,58530,3799.37,2018,"Calendar Year (Jan - Dec), 2018",81533.2,85332.5575,0,0,0,0,0,0,0,0,0,0,0,0,0,0,0,1,1,1,1,1,1,1,1,1,1,1,1,1,1,1,1,1,1,1,1,1,1,1,1,1,1,1,1,1,1,1,1
Telangana,2016,India,36,TELANGANA,35003674,13608665,21395009,17611633,6906640,10704993,17392041,6702025,10690016,8303612,3134583,5169029,373524,2016,"Calendar Year (Jan - Dec), 2016",1.00147e+07,10388260,0,0,0,0,0,0,0,0,0,0,0,0,0,0,0,1,1,1,1,1,1,1,1,1,1,1,1,1,1,1,1,1,1,1,1,1,1,1,1,1,1,1,1,1,1,1,1
Telangana,2017,India,36,TELANGANA,35003674,13608665,21395009,17611633,6906640,10704993,17392041,6702025,10690016,8303612,3134583,5169029,373524,2017,"Calendar Year (Jan - Dec), 2017",1.00147e+07,10388260,0,0,0,0,0,0,0,0,0,0,0,0,0,0,0,1,1,1,1,1,1,1,1,1,1,1,1,1,1,1,1,1,1,1,1,1,1,1,1,1,1,1,1,1,1,1,1
Telangana,2018,India,36,TELANGANA,35003674,13608665,21395009,17611633,6906640,10704993,17392041,6702025,10690016,8303612,3134583,5169029,373524,2018,"Calendar Year (Jan - Dec), 2018",1.00147e+07,10388260,0,0,0,0,0,0,0,0,0,0,0,0,0,0,0,1,1,1,1,1,1,1,1,1,1,1,1,1,1,1,1,1,1,1,1,1,1,1,1,1,1,1,1,1,1,1,1
Jammu & Kashmir,2016,India,37,LADAKH,274289,62009,212280,156756,40642,116114,117533,21367,96166,40247,9195,31052,2615,2016,"Calendar Year (Jan - Dec), 2016",55650.3,58265.3125,0,0,0,0.000000000000000000000000,0.000000000000000000000000,0.000000000000000000000000,0.000000000000000000000000,0.000000000000000000000000,0.000000000000000000000000,0.000000000000000000000000,0.000000000000000000000000,0.000000000000000000000000,0.000000000000000000000000,0.000000000000000000000000,0.000000000000000000000000,2,1,0.02187085519509856313,1,0.01806135425350150091,1,0.02330682933577512665,1,0.02360547788759614629,1,0.02177811953262940169,1,0.02431973177376286450,1,0.01991868678651807262,1,0.01363511346428368592,1,0.02219087531033788899,1,0.01898695958613362721,1,0.01623740695939323839,1,0.01998927536623723070,1,0.0210968762101459,1,0.0245182719440537,1,0.0243411032327065,1
Jammu & Kashmir,2017,India,37,LADAKH,274289,62009,212280,156756,40642,116114,117533,21367,96166,40247,9195,31052,2615,2017,"Calendar Year (Jan - Dec), 2017",55650.3,58265.3125,0,0,0,0.000000000000000000000000,0.000000000000000000000000,0.000000000000000000000000,0.000000000000000000000000,0.000000000000000000000000,0.000000000000000000000000,0.000000000000000000000000,0.000000000000000000000000,0.000000000000000000000000,0.000000000000000000000000,0.000000000000000000000000,0.000000000000000000000000,2,1,0.02187085519509856313,1,0.01806135425350150091,1,0.02330682933577512665,1,0.02360547788759614629,1,0.02177811953262940169,1,0.02431973177376286450,1,0.01991868678651807262,1,0.01363511346428368592,1,0.02219087531033788899,1,0.01898695958613362721,1,0.01623740695939323839,1,0.01998927536623723070,1,0.0210968762101459,1,0.0245182719440537,1,0.0243411032327065,1
Jammu & Kashmir,2018,India,37,LADAKH,274289,62009,212280,156756,40642,116114,117533,21367,96166,40247,9195,31052,2615,2018,"Calendar Year (Jan - Dec), 2018",55650.3,58265.3125,0,0,0,0.000000000000000000000000,0.000000000000000000000000,0.000000000000000000000000,0.000000000000000000000000,0.000000000000000000000000,0.000000000000000000000000,0.000000000000000000000000,0.000000000000000000000000,0.000000000000000000000000,0.000000000000000000000000,0.000000000000000000000000,0.000000000000000000000000,2,1,0.02187085519509856313,1,0.01806135425350150091,1,0.02330682933577512665,1,0.02360547788759614629,1,0.02177811953262940169,1,0.02431973177376286450,1,0.01991868678651807262,1,0.01363511346428368592,1,0.02219087531033788899,1,0.01898695958613362721,1,0.01623740695939323839,1,0.01998927536623723070,1,0.0210968762101459,1,0.0245182719440537,1,0.0243411032327065,1
Daman & Diu,2016,India,38,THE DADRA AND NAGAR HAVELI AND DAMAN AND DIU,243247,182851,60396,150301,117906,32395,92946,64945,28001,60956,48212,12744,4852,2016,"Calendar Year (Jan - Dec), 2016",4845.68,9697.6796875,0,0,0,0.000000000000000000000000,0.000000000000000000000000,0.000000000000000000000000,0.000000000000000000000000,0.000000000000000000000000,0.000000000000000000000000,0.000000000000000000000000,0.000000000000000000000000,0.000000000000000000000000,0.000000000000000000000000,0.000000000000000000000000,0.000000000000000000000000,1,2,1.00000000000000000000,0.29299701398332696943,1.00000000000000000000,0.34742930322612517267,1.00000000000000000000,0.19873250281336992359,1.00000000000000000000,0.30403024504310606398,1.00000000000000000000,0.35592437520187643200,1.00000000000000000000,0.19862656733805450811,1.00000000000000000000,0.27675596487623607600,1.00000000000000000000,0.33300005127416294929,1.00000000000000000000,0.19885520307362350953,1.00000000000000000000,0.30728436759590663911,1.00000000000000000000,0.35245781793724595725,1.00000000000000000000,0.20694358741190607645,1,0.339918733361356,1,0.0897293,1,0.142033712486366
D&N Haveli,2016,India,38,THE DADRA AND NAGAR HAVELI AND DAMAN AND DIU,586956,343446,243510,344061,213361,130700,242895,130085,112810,137414,88576,48838,9422,2016,"Calendar Year (Jan - Dec), 2016",49157.6,58579.6293945312,0,0,0,0,0,0,0,0,0,0,0,0,0,0,0,1,2,1.00000000000000000000,0.70700298601667303057,1.00000000000000000000,0.65257069677387482733,1.00000000000000000000,0.80126749718663007641,1.00000000000000000000,0.69596975495689393602,1.00000000000000000000,0.64407562479812356800,1.00000000000000000000,0.80137343266194549189,1.00000000000000000000,0.72324403512376392400,1.00000000000000000000,0.66699994872583705071,1.00000000000000000000,0.80114479692637649047,1.00000000000000000000,0.69271563240409336089,1.00000000000000000000,0.64754218206275404275,1.00000000000000000000,0.79305641258809392355,1,0.660081266638644,1,0.910271,1,0.857966287513634
D&N Haveli,2017,India,38,THE DADRA AND NAGAR HAVELI AND DAMAN AND DIU,586956,343446,243510,344061,213361,130700,242895,130085,112810,137414,88576,48838,9422,2017,"Calendar Year (Jan - Dec), 2017",49157.6,58579.6293945312,0,0,0,0,0,0,0,0,0,0,0,0,0,0,0,1,2,1.00000000000000000000,0.70700298601667303057,1.00000000000000000000,0.65257069677387482733,1.00000000000000000000,0.80126749718663007641,1.00000000000000000000,0.69596975495689393602,1.00000000000000000000,0.64407562479812356800,1.00000000000000000000,0.80137343266194549189,1.00000000000000000000,0.72324403512376392400,1.00000000000000000000,0.66699994872583705071,1.00000000000000000000,0.80114479692637649047,1.00000000000000000000,0.69271563240409336089,1.00000000000000000000,0.64754218206275404275,1.00000000000000000000,0.79305641258809392355,1,0.660081266638644,1,0.910271,1,0.857966287513634
Daman & Diu,2017,India,38,THE DADRA AND NAGAR HAVELI AND DAMAN AND DIU,243247,182851,60396,150301,117906,32395,92946,64945,28001,60956,48212,12744,4852,2017,"Calendar Year (Jan - Dec), 2017",4845.68,9697.6796875,0,0,0,0.000000000000000000000000,0.000000000000000000000000,0.000000000000000000000000,0.000000000000000000000000,0.000000000000000000000000,0.000000000000000000000000,0.000000000000000000000000,0.000000000000000000000000,0.000000000000000000000000,0.000000000000000000000000,0.000000000000000000000000,0.000000000000000000000000,1,2,1.00000000000000000000,0.29299701398332696943,1.00000000000000000000,0.34742930322612517267,1.00000000000000000000,0.19873250281336992359,1.00000000000000000000,0.30403024504310606398,1.00000000000000000000,0.35592437520187643200,1.00000000000000000000,0.19862656733805450811,1.00000000000000000000,0.27675596487623607600,1.00000000000000000000,0.33300005127416294929,1.00000000000000000000,0.19885520307362350953,1.00000000000000000000,0.30728436759590663911,1.00000000000000000000,0.35245781793724595725,1.00000000000000000000,0.20694358741190607645,1,0.339918733361356,1,0.0897293,1,0.142033712486366
D&N Haveli,2018,India,38,THE DADRA AND NAGAR HAVELI AND DAMAN AND DIU,586956,343446,243510,344061,213361,130700,242895,130085,112810,137414,88576,48838,9422,2018,"Calendar Year (Jan - Dec), 2018",49157.6,58579.6293945312,0,0,0,0,0,0,0,0,0,0,0,0,0,0,0,1,2,1.00000000000000000000,0.70700298601667303057,1.00000000000000000000,0.65257069677387482733,1.00000000000000000000,0.80126749718663007641,1.00000000000000000000,0.69596975495689393602,1.00000000000000000000,0.64407562479812356800,1.00000000000000000000,0.80137343266194549189,1.00000000000000000000,0.72324403512376392400,1.00000000000000000000,0.66699994872583705071,1.00000000000000000000,0.80114479692637649047,1.00000000000000000000,0.69271563240409336089,1.00000000000000000000,0.64754218206275404275,1.00000000000000000000,0.79305641258809392355,1,0.660081266638644,1,0.910271,1,0.857966287513634
Daman & Diu,2018,India,38,THE DADRA AND NAGAR HAVELI AND DAMAN AND DIU,243247,182851,60396,150301,117906,32395,92946,64945,28001,60956,48212,12744,4852,2018,"Calendar Year (Jan - Dec), 2018",4845.68,9697.6796875,0,0,0,0.000000000000000000000000,0.000000000000000000000000,0.000000000000000000000000,0.000000000000000000000000,0.000000000000000000000000,0.000000000000000000000000,0.000000000000000000000000,0.000000000000000000000000,0.000000000000000000000000,0.000000000000000000000000,0.000000000000000000000000,0.000000000000000000000000,1,2,1.00000000000000000000,0.29299701398332696943,1.00000000000000000000,0.34742930322612517267,1.00000000000000000000,0.19873250281336992359,1.00000000000000000000,0.30403024504310606398,1.00000000000000000000,0.35592437520187643200,1.00000000000000000000,0.19862656733805450811,1.00000000000000000000,0.27675596487623607600,1.00000000000000000000,0.33300005127416294929,1.00000000000000000000,0.19885520307362350953,1.00000000000000000000,0.30728436759590663911,1.00000000000000000000,0.35245781793724595725,1.00000000000000000000,0.20694358741190607645,1,0.339918733361356,1,0.0897293,1,0.142033712486366
